id,first_name,last_name,gender,income_month,job,covid_vacc,industry
1,Cristionna,Ruzek,Agender,3595.87,Paralegal,true,Finance: Consumer Services
2,Simon,Candlish,Male,1759.61,Financial Advisor,true,n/a
3,Rowen,Sitch,Male,2653.41,Developer II,false,Major Pharmaceuticals
4,Selina,Woolforde,Female,4003.16,Legal Assistant,false,Telecommunications Equipment
5,Moritz,Bassano,Male,3864.38,Software Consultant,true,Military/Government/Technical
6,Tomasine,Kyteley,Female,4920.58,Quality Engineer,false,Investment Managers
7,Kinnie,Shinn,Male,4375.15,Geological Engineer,true,"Computer Software: Programming, Data Processing"
8,Keary,Jostan,Male,3399.0,Sales Associate,true,Power Generation
9,Cory,Collcutt,Male,1400.97,Paralegal,true,Telecommunications Equipment
10,Reuven,Station,Male,1994.36,Senior Editor,false,n/a
11,Tammy,Jimpson,Male,2670.02,Marketing Manager,true,Computer Software: Prepackaged Software
12,Trevor,Cramphorn,Male,4554.97,Account Executive,false,Homebuilding
13,Hilly,Agiolfinger,Male,3360.22,Recruiting Manager,true,n/a
14,Violetta,Erskine Sandys,Female,4267.45,Dental Hygienist,true,Precious Metals
15,Doralyn,Masding,Female,4389.63,Software Engineer I,false,Other Consumer Services
16,Holly,McGookin,Female,4331.81,VP Quality Control,true,Investment Bankers/Brokers/Service
17,Max,Gentner,Bigender,4942.51,VP Accounting,true,Real Estate Investment Trusts
18,Ester,Eckhard,Female,2285.38,Associate Professor,false,Broadcasting
19,Cordelie,Viney,Female,798.57,Engineer IV,true,Apparel
20,Rafi,Goforth,Male,2601.73,Analog Circuit Design manager,true,Industrial Machinery/Components
21,Joe,Eastop,Male,4877.23,Research Nurse,true,Military/Government/Technical
22,Helene,Reddecliffe,Female,767.62,Geologist I,false,n/a
23,Bellanca,Grey,Agender,2471.03,VP Quality Control,false,Metal Fabrications
24,Heda,Carthew,Agender,4459.31,Dental Hygienist,false,EDP Services
25,Tonie,McTerlagh,Genderfluid,2550.31,Recruiter,true,n/a
26,Tully,Caught,Genderfluid,4452.08,Staff Accountant II,true,Industrial Machinery/Components
27,Hunt,McCritichie,Male,4942.65,Structural Engineer,true,Major Pharmaceuticals
28,Sidoney,Gye,Female,644.06,Structural Engineer,true,Paper
29,Brien,Scain,Male,694.83,Nurse,false,Trucking Freight/Courier Services
30,Danny,Ramberg,Male,575.55,Internal Auditor,false,"Computer Software: Programming, Data Processing"
31,Katerine,Davydoch,Female,645.02,Payment Adjustment Coordinator,false,Investment Managers
32,Arlen,Scatchard,Male,2627.33,VP Marketing,true,n/a
33,Shelden,Caramuscia,Male,701.58,Sales Associate,true,Oil & Gas Production
34,Tresa,Depper,Female,4844.17,Structural Analysis Engineer,false,Property-Casualty Insurers
35,Ewen,Drain,Male,1993.37,Administrative Officer,false,n/a
36,Oran,Matlock,Male,1809.74,Help Desk Technician,false,n/a
37,Hew,Ruecastle,Male,4757.69,Professor,false,Major Banks
38,Mindy,Aspinwall,Female,3347.2,Software Test Engineer III,true,Consumer Electronics/Appliances
39,Giulia,Friskey,Female,3253.44,Media Manager III,false,EDP Services
40,Carie,Collinge,Female,4641.28,Registered Nurse,false,Major Pharmaceuticals
41,Jenifer,Winterson,Female,2488.92,Developer II,false,n/a
42,Kelcy,Aloshkin,Female,1131.38,Associate Professor,true,Real Estate Investment Trusts
43,Crystie,Zimmermeister,Female,3251.88,Marketing Assistant,false,n/a
44,Kent,Davitashvili,Male,1935.24,Structural Engineer,true,n/a
45,Laurella,Tassel,Female,1843.38,Physical Therapy Assistant,false,Major Banks
46,Glennis,Goodday,Female,3948.36,Automation Specialist IV,true,n/a
47,Jameson,Penzer,Male,1895.59,Recruiting Manager,true,n/a
48,Janey,Northwood,Female,4425.43,Financial Advisor,false,Real Estate Investment Trusts
49,Kenneth,Huff,Male,418.26,Biostatistician II,true,Finance: Consumer Services
50,Scarlet,Rusling,Female,1003.8,Product Engineer,false,Services-Misc. Amusement & Recreation
51,Meryl,Pawfoot,Non-binary,1554.88,Environmental Tech,true,Telecommunications Equipment
52,Urbain,Raff,Male,2225.06,Food Chemist,false,n/a
53,Kristofor,Bramwell,Male,3313.15,Actuary,true,n/a
54,Henri,McMichan,Male,1066.44,Office Assistant I,true,Shoe Manufacturing
55,Franchot,Dootson,Male,794.59,Assistant Media Planner,true,Beverages (Production/Distribution)
56,Trixi,Ruddy,Female,4444.41,Programmer IV,true,Computer Software: Prepackaged Software
57,Donavon,Spohrmann,Male,1261.06,Automation Specialist II,true,Biotechnology: Biological Products (No Diagnostic Substances)
58,Ariella,Tolliday,Female,2465.15,Automation Specialist I,true,Savings Institutions
59,Hermia,Haward,Female,449.71,Quality Control Specialist,true,n/a
60,Garwin,Royds,Male,4275.57,Project Manager,false,n/a
61,Reinold,Tibalt,Male,4690.92,Technical Writer,true,Medical/Dental Instruments
62,Osmund,Yedall,Male,4456.62,Recruiter,false,n/a
63,Kincaid,Estabrook,Male,2113.3,Automation Specialist I,false,n/a
64,Ella,Anfonsi,Female,2035.03,Administrative Officer,false,Computer Software: Prepackaged Software
65,Ashil,Goter,Female,2293.67,Director of Sales,true,Metal Fabrications
66,Cecilius,Lovart,Male,702.87,Dental Hygienist,true,Real Estate Investment Trusts
67,Xenos,Poynton,Male,4562.84,Nurse Practicioner,true,n/a
68,Dasie,Espadater,Female,703.7,Marketing Manager,true,Semiconductors
69,Myrtle,Tite,Female,2757.39,Data Coordinator,true,Medical/Dental Instruments
70,Lorenzo,Branchet,Male,2279.79,Director of Sales,true,n/a
71,Farlay,Paumier,Male,1970.62,Data Coordinator,false,Automotive Aftermarket
72,Laureen,Braz,Female,2429.8,Chief Design Engineer,true,Telecommunications Equipment
73,Dimitry,Cocking,Male,3385.52,Librarian,true,n/a
74,Alta,Durden,Female,4716.57,Administrative Assistant I,true,n/a
75,Adrianne,Rickardsson,Female,1991.63,Speech Pathologist,false,Major Pharmaceuticals
76,Emile,Vasyaev,Male,3055.43,Account Representative IV,false,Biotechnology: In Vitro & In Vivo Diagnostic Substances
77,Quinn,Quick,Male,3610.12,Software Test Engineer III,false,Life Insurance
78,Dolores,Schoolfield,Bigender,1609.15,Software Consultant,true,Major Banks
79,Wanids,Bramble,Female,4789.32,Senior Quality Engineer,true,Major Pharmaceuticals
80,Barnie,Gammack,Male,3166.58,Chief Design Engineer,false,Property-Casualty Insurers
81,Brenn,Gatehouse,Genderqueer,1965.72,Project Manager,true,Building Materials
82,Tito,Pittman,Male,4999.24,Environmental Specialist,true,Major Pharmaceuticals
83,Josephina,Cronshaw,Female,1443.75,VP Product Management,true,n/a
84,Gillie,Moston,Female,490.94,Computer Systems Analyst IV,true,Real Estate Investment Trusts
85,Margarethe,Matussow,Female,4208.63,Environmental Specialist,false,Computer peripheral equipment
86,Syman,Trapp,Male,2862.35,Sales Associate,true,Specialty Insurers
87,Galen,Petschel,Male,2633.34,Financial Advisor,true,n/a
88,Llywellyn,Leathe,Male,4562.0,Graphic Designer,true,n/a
89,Decca,Bootland,Male,4632.1,Accounting Assistant IV,false,Fluid Controls
90,Boniface,Bourcq,Male,926.71,Desktop Support Technician,false,n/a
91,Albie,Harmeston,Male,1775.76,Operator,true,EDP Services
92,Tabby,Meriet,Male,1162.01,Chemical Engineer,true,n/a
93,Dorian,King,Male,3298.25,Professor,false,Business Services
94,Blanche,Gallichan,Female,2224.2,Mechanical Systems Engineer,false,Telecommunications Equipment
95,Nels,Crockley,Non-binary,4919.49,Financial Analyst,false,n/a
96,Horatius,Wilfing,Male,3079.51,Food Chemist,true,n/a
97,Jonell,Simpkiss,Female,3313.8,Geologist IV,true,Water Supply
98,Chanda,Hallbird,Female,739.05,General Manager,true,Telecommunications Equipment
99,Patrice,Hoyer,Male,2919.35,VP Marketing,false,Real Estate Investment Trusts
100,Tammara,Penn,Female,4636.86,Senior Quality Engineer,false,Real Estate Investment Trusts
101,Estrellita,Robertz,Female,4968.79,Health Coach II,true,n/a
102,Benita,Wabe,Female,4131.39,Analyst Programmer,false,Major Pharmaceuticals
103,Clair,Rounsivall,Male,3396.55,Design Engineer,true,Investment Managers
104,Russell,Trevena,Male,2945.29,Physical Therapy Assistant,false,n/a
105,Zoe,Scranedge,Agender,857.49,Chief Design Engineer,true,Telecommunications Equipment
106,Sinclare,Burwood,Male,2405.29,Junior Executive,true,n/a
107,Salomone,Edgeller,Male,2823.22,Nurse,true,Transportation Services
108,Vitoria,Durn,Female,3155.56,Professor,false,Other Specialty Stores
109,Krisha,Laste,Male,4689.96,Administrative Assistant I,false,Investment Bankers/Brokers/Service
110,Tabb,Joontjes,Male,3830.52,Financial Advisor,false,Food Chains
111,Herve,Murcott,Male,440.25,Desktop Support Technician,false,Industrial Machinery/Components
112,Eva,Jehu,Female,2726.46,Electrical Engineer,false,n/a
113,Bud,Posselow,Male,4258.34,VP Sales,false,RETAIL: Building Materials
114,Rickie,Stansbie,Female,2693.39,Recruiter,true,n/a
115,Anallese,Fernie,Female,3104.74,Senior Developer,false,n/a
116,Constantia,Lambard,Female,2085.52,Help Desk Operator,false,Oil & Gas Production
117,Deina,Zannolli,Female,3971.44,Nuclear Power Engineer,false,Medical/Dental Instruments
118,Dukie,Buttner,Male,4192.41,Compensation Analyst,false,Telecommunications Equipment
119,Mavis,Sanbrook,Female,4351.06,Registered Nurse,true,Business Services
120,Jonah,Calvie,Polygender,3986.48,Occupational Therapist,false,n/a
121,Calypso,Higgen,Female,2141.42,Chief Design Engineer,false,Services-Misc. Amusement & Recreation
122,Benoit,Attwoul,Male,565.03,Help Desk Operator,false,Investment Managers
123,Arielle,Haddy,Female,4202.3,Junior Executive,true,n/a
124,Theda,Raggett,Female,2270.53,Editor,true,Computer Software: Prepackaged Software
125,Kamillah,MacFayden,Female,2295.17,Junior Executive,true,n/a
126,Garald,Bysh,Male,1310.14,Social Worker,true,Biotechnology: Biological Products (No Diagnostic Substances)
127,Ronica,Bickley,Female,2387.16,Food Chemist,true,Apparel
128,Currie,Khristoforov,Male,1231.94,Technical Writer,false,Homebuilding
129,Wendel,Bafford,Male,2953.45,Director of Sales,false,Clothing/Shoe/Accessory Stores
130,Kellen,Echalier,Male,3196.11,Web Designer III,true,n/a
131,Helyn,Aspital,Female,1920.77,Marketing Assistant,false,n/a
132,Arin,Bulstrode,Male,1437.61,Research Nurse,true,Life Insurance
133,Shannen,Hummerston,Female,2359.66,Sales Representative,true,Real Estate Investment Trusts
134,Ottilie,Brauninger,Female,1192.96,Safety Technician I,true,Major Pharmaceuticals
135,Sarge,Benyon,Male,4403.67,Research Associate,true,Construction/Ag Equipment/Trucks
136,Rhody,Blanckley,Female,1859.22,VP Marketing,false,Telecommunications Equipment
137,Caro,Gye,Female,2924.19,Web Developer I,true,Real Estate Investment Trusts
138,Dani,Seabrocke,Female,1676.48,Senior Sales Associate,false,n/a
139,Aguistin,Kindell,Male,4173.97,Food Chemist,false,n/a
140,Jessie,Jovicevic,Female,4980.35,Help Desk Technician,false,Computer Software: Prepackaged Software
141,Clerkclaude,Beckey,Male,1993.43,Associate Professor,false,Oil & Gas Production
142,Imojean,Haysham,Agender,3534.21,Automation Specialist IV,false,EDP Services
143,Keefe,Bagenal,Male,3729.56,Systems Administrator II,true,Major Banks
144,Klement,Manvelle,Bigender,799.94,Assistant Manager,false,Medical Specialities
145,Marley,Magner,Female,1272.74,Administrative Assistant III,true,Agricultural Chemicals
146,Pru,Lackington,Female,3626.52,Payment Adjustment Coordinator,false,Movies/Entertainment
147,Thaine,Piborn,Male,2411.08,General Manager,false,Packaged Foods
148,Odella,Honywill,Female,1131.72,Geologist IV,true,n/a
149,Claus,Halloran,Non-binary,521.55,Legal Assistant,false,Major Pharmaceuticals
150,Lydie,Beretta,Female,4112.62,Programmer III,true,Investment Bankers/Brokers/Service
151,Terrill,Kuhnert,Male,1889.67,Assistant Professor,true,Real Estate Investment Trusts
152,Glenine,Toppas,Female,2613.21,Chief Design Engineer,false,n/a
153,Alonzo,Jaume,Male,4528.71,Pharmacist,false,Computer Software: Prepackaged Software
154,Danica,Sinden,Female,3000.86,Senior Quality Engineer,true,Real Estate
155,Eugenio,Dewen,Male,2802.59,Structural Analysis Engineer,false,Packaged Foods
156,Finn,Roskelly,Male,3895.58,Actuary,true,Hotels/Resorts
157,Karalynn,Bayns,Agender,4602.72,VP Accounting,false,Major Pharmaceuticals
158,Honor,Houldin,Female,3526.66,Account Representative I,true,Major Pharmaceuticals
159,Cassey,Surridge,Female,4493.01,Junior Executive,false,Industrial Machinery/Components
160,Atlanta,MacNeachtain,Female,3050.87,VP Marketing,false,Savings Institutions
161,Quinlan,Pitney,Male,4613.21,Geologist IV,false,Hospital/Nursing Management
162,Kirsteni,Derby,Genderqueer,2033.23,Analog Circuit Design manager,false,Business Services
163,Joela,Holberry,Female,2928.89,Administrative Assistant I,true,Computer peripheral equipment
164,Barnabe,Felgate,Male,3782.51,Account Coordinator,false,Steel/Iron Ore
165,Scotty,Quiddinton,Male,598.99,Systems Administrator I,false,Engineering & Construction
166,Lorinda,Sabberton,Female,1808.62,Financial Analyst,true,Semiconductors
167,Xever,Goslin,Male,2228.17,Sales Representative,false,EDP Services
168,Derwin,Hew,Male,1486.3,Registered Nurse,true,Major Banks
169,Lloyd,Rolfo,Male,3449.26,Civil Engineer,true,n/a
170,Marylou,Penniall,Female,2994.29,Research Nurse,false,Computer Software: Prepackaged Software
171,Eleonore,Hitcham,Female,3586.41,Editor,true,n/a
172,Grace,Arden,Genderqueer,967.91,Business Systems Development Analyst,true,n/a
173,Adolphus,Ivashintsov,Male,1051.03,Marketing Manager,false,Homebuilding
174,Filmer,Lemmers,Male,3625.98,Social Worker,false,Medical/Dental Instruments
175,Dela,Gwyther,Female,1078.37,GIS Technical Architect,true,Biotechnology: Biological Products (No Diagnostic Substances)
176,Byron,Pollins,Agender,601.7,Sales Representative,true,Property-Casualty Insurers
177,Morten,Hedderly,Male,727.33,Director of Sales,false,n/a
178,Timothea,Cutmore,Female,2326.38,VP Quality Control,true,Business Services
179,Enriqueta,Branwhite,Female,1362.6,Accountant IV,false,Hotels/Resorts
180,Marianne,Collidge,Female,478.36,Food Chemist,true,Major Pharmaceuticals
181,Annalee,Fauguel,Female,3295.72,Civil Engineer,true,Oil & Gas Production
182,Theodoric,Seiler,Male,3990.55,Biostatistician I,true,Multi-Sector Companies
183,Brande,Charle,Female,4781.94,Social Worker,false,n/a
184,Ware,Giroldo,Male,3994.72,Product Engineer,true,Biotechnology: Biological Products (No Diagnostic Substances)
185,Charlene,Kobke,Female,2518.37,Nurse Practicioner,true,n/a
186,Chen,Cosely,Male,2322.58,Community Outreach Specialist,true,EDP Services
187,Alfonse,Ferreira,Male,2476.36,Cost Accountant,true,n/a
188,Jackqueline,Haggath,Agender,4027.87,Legal Assistant,false,Major Chemicals
189,Konstantin,Lowman,Male,4755.61,Web Developer I,true,Major Banks
190,Edvard,Le Fleming,Male,3393.2,Actuary,false,Industrial Machinery/Components
191,Essie,Gloves,Female,1493.31,Developer I,true,Medical/Dental Instruments
192,Lily,Muir,Female,3363.8,Accountant I,false,n/a
193,Kathleen,Brazear,Female,3541.05,Operator,true,Railroads
194,Ingar,Esselin,Male,2435.45,Assistant Professor,false,Real Estate
195,Clemmy,Ribeiro,Female,4883.8,Electrical Engineer,true,n/a
196,Johann,Losemann,Male,4066.73,Dental Hygienist,false,Medical/Dental Instruments
197,Loleta,Beverage,Female,3359.95,Information Systems Manager,true,Electrical Products
198,Raymund,Tordiffe,Non-binary,634.06,Programmer Analyst II,false,Major Pharmaceuticals
199,Karena,Luff,Genderfluid,3468.46,Software Test Engineer I,false,Medical/Dental Instruments
200,Gawain,Lacasa,Male,1338.57,Nurse Practicioner,false,Trucking Freight/Courier Services
201,Sigvard,Pittway,Male,3205.52,VP Quality Control,false,Real Estate Investment Trusts
202,Nicolea,McLanachan,Female,494.51,Web Developer I,false,Major Banks
203,Remington,Gaughan,Male,2233.26,Account Representative IV,false,n/a
204,Ailyn,Loudyan,Female,1740.51,Librarian,false,Real Estate Investment Trusts
205,Kellen,Izon,Female,2799.16,Quality Engineer,true,n/a
206,Dov,Sizzey,Male,3421.43,Marketing Assistant,true,Natural Gas Distribution
207,Alissa,Grabbam,Female,2358.83,VP Marketing,false,Major Chemicals
208,Eartha,Wrightham,Female,1005.84,Biostatistician II,false,Fluid Controls
209,Grantham,Arnott,Male,4747.26,Quality Control Specialist,false,Savings Institutions
210,Guenevere,Belverstone,Female,1798.39,Analyst Programmer,false,Automotive Aftermarket
211,Amby,Spinello,Male,1270.07,VP Accounting,false,Television Services
212,Kennett,Dallaghan,Male,3675.22,Community Outreach Specialist,true,Clothing/Shoe/Accessory Stores
213,Bertina,Mival,Female,4963.82,Software Test Engineer III,true,n/a
214,Darsey,Knocker,Female,3418.28,Analyst Programmer,false,Environmental Services
215,Rodney,Northrop,Male,1668.1,Cost Accountant,true,Computer peripheral equipment
216,Dare,McVeighty,Male,3253.34,VP Sales,true,Medical/Dental Instruments
217,Pierre,Vinsen,Male,2794.55,Nurse Practicioner,false,Semiconductors
218,Elsy,Louden,Female,4470.62,VP Sales,true,Biotechnology: Commercial Physical & Biological Resarch
219,Carroll,Shear,Male,3660.17,Senior Sales Associate,true,Natural Gas Distribution
220,Aubrey,Sigge,Male,4259.52,Dental Hygienist,true,Forest Products
221,Lucienne,Teodoro,Female,648.62,Electrical Engineer,true,EDP Services
222,Halsey,Bridges,Male,4469.95,Administrative Officer,false,Major Banks
223,Pietrek,Giuron,Male,3398.31,Staff Scientist,true,n/a
224,Rachael,Widdison,Female,922.45,Budget/Accounting Analyst II,true,n/a
225,Glenda,Epinay,Female,2075.84,Pharmacist,false,n/a
226,Kingsly,Muneely,Male,3957.38,Senior Cost Accountant,false,Finance: Consumer Services
227,Lory,Biggen,Female,4735.11,VP Sales,true,Home Furnishings
228,Minny,Krale,Polygender,4596.67,Paralegal,false,Advertising
229,Haslett,Gillopp,Male,4626.44,Senior Editor,true,n/a
230,Myles,Rizzardo,Bigender,817.83,Financial Analyst,false,n/a
231,Abbie,Trevethan,Male,2498.94,Geological Engineer,false,Catalog/Specialty Distribution
232,Jeri,Brastead,Female,539.7,Nurse,true,Homebuilding
233,Elle,Ruske,Female,4510.39,Structural Engineer,false,Transportation Services
234,Violette,Greensall,Female,4020.92,Nuclear Power Engineer,false,n/a
235,Warde,Labrone,Non-binary,660.09,Software Engineer I,false,Business Services
236,Afton,MacCleod,Female,4704.68,Automation Specialist I,true,n/a
237,Kerwin,Dillamore,Male,2672.68,Senior Developer,true,Telecommunications Equipment
238,Clarey,Snugg,Female,3171.4,Analyst Programmer,false,Farming/Seeds/Milling
239,Reggie,Goult,Male,579.56,Environmental Specialist,false,Major Pharmaceuticals
240,Nady,Wandrich,Agender,2103.14,Safety Technician III,false,Medical/Dental Instruments
241,Lexine,Mendoza,Female,1326.12,Media Manager I,true,n/a
242,Adelaide,Jouannisson,Female,1162.13,Web Designer IV,true,Commercial Banks
243,Clyde,Done,Male,2509.67,Payment Adjustment Coordinator,false,n/a
244,Jannel,Samett,Female,2404.44,Internal Auditor,true,n/a
245,Saundra,Mothersdale,Male,3328.49,Nurse Practicioner,true,Major Pharmaceuticals
246,Costanza,Dorgan,Female,1108.66,Programmer IV,false,Major Pharmaceuticals
247,Sancho,Gallymore,Male,3765.04,Staff Scientist,true,Medical/Dental Instruments
248,Holmes,Goward,Male,488.97,Software Test Engineer I,false,Multi-Sector Companies
249,Brannon,Dukes,Male,2474.41,Administrative Officer,false,Medical/Dental Instruments
250,Kipper,Body,Male,920.74,Senior Developer,true,Precious Metals
251,Carolann,Kingswoode,Female,3418.34,Civil Engineer,false,Major Banks
252,Sonnie,Fackrell,Female,2081.85,Social Worker,true,Real Estate Investment Trusts
253,Ware,Tanton,Male,1667.84,Assistant Professor,true,Computer Software: Prepackaged Software
254,Elna,Western,Female,1484.65,VP Quality Control,false,Real Estate Investment Trusts
255,Brock,Dart,Male,1571.36,Pharmacist,true,Semiconductors
256,Isiahi,Beneze,Male,4703.62,Marketing Assistant,false,n/a
257,Thayne,MacConnechie,Male,2949.87,Marketing Manager,false,Electric Utilities: Central
258,Anissa,Wale,Polygender,3153.55,Automation Specialist IV,true,Steel/Iron Ore
259,Rea,Rawsthorne,Bigender,4981.77,Database Administrator III,false,Recreational Products/Toys
260,Farand,Domican,Female,4682.53,Clinical Specialist,true,Marine Transportation
261,Kenyon,Garatty,Male,3313.41,Associate Professor,false,n/a
262,Georas,Collough,Male,2349.61,Food Chemist,true,Savings Institutions
263,Trevar,Cotterill,Male,3383.22,Data Coordinator,false,Business Services
264,Ailina,Jeandet,Female,4536.62,Office Assistant I,false,Oil & Gas Production
265,Aile,Yanez,Female,585.01,Accountant III,true,n/a
266,Ambrosius,Beazer,Male,832.25,Financial Analyst,true,Clothing/Shoe/Accessory Stores
267,Sibel,Uphill,Female,2812.8,VP Marketing,false,Medical Specialities
268,Bradley,Martindale,Male,3426.54,Legal Assistant,true,n/a
269,Sholom,Churchlow,Male,3349.36,Analyst Programmer,true,Hospital/Nursing Management
270,Vinny,Fairleigh,Male,2212.57,Director of Sales,true,n/a
271,Sisile,Morton,Female,824.05,Financial Analyst,false,Department/Specialty Retail Stores
272,Leeanne,Southerton,Female,2389.65,VP Sales,true,Industrial Machinery/Components
273,Derrick,Burkett,Male,3265.37,Media Manager III,true,Diversified Commercial Services
274,Miquela,Weekley,Female,4461.71,Web Developer II,true,EDP Services
275,Neall,Ingall,Male,1830.71,Environmental Tech,true,"Computer Software: Programming, Data Processing"
276,Tiphani,Hirth,Female,1789.59,Programmer I,false,Telecommunications Equipment
277,Vitia,Crudge,Female,1905.96,Analog Circuit Design manager,false,Restaurants
278,Avrit,Mudd,Female,1497.67,VP Quality Control,false,Telecommunications Equipment
279,Kipper,Robbey,Male,541.27,Account Coordinator,false,n/a
280,Rudie,Hinemoor,Agender,3196.76,Senior Editor,true,Business Services
281,Gabey,Perazzo,Female,4910.83,VP Product Management,true,Medical/Dental Instruments
282,Maury,McCotter,Male,1804.24,Compensation Analyst,true,n/a
283,Lemar,Thoday,Male,2793.15,Business Systems Development Analyst,true,Biotechnology: Commercial Physical & Biological Resarch
284,Garrik,Farrens,Male,1524.45,Registered Nurse,true,n/a
285,Nanni,Dundredge,Female,4285.49,Director of Sales,false,n/a
286,Dasie,Cometson,Agender,3517.56,Automation Specialist II,true,Business Services
287,Randie,Bodemeaid,Female,1781.37,Human Resources Assistant IV,true,EDP Services
288,Sioux,Thompson,Female,609.87,Software Test Engineer II,false,Biotechnology: Electromedical & Electrotherapeutic Apparatus
289,Shelly,Breen,Female,3113.24,Occupational Therapist,true,Professional Services
290,Bronson,Norridge,Male,3098.76,Web Designer II,true,Semiconductors
291,Natty,Gregs,Male,908.19,Research Associate,true,n/a
292,Clemmy,Dyball,Male,2579.24,Physical Therapy Assistant,true,n/a
293,Jennette,Laban,Female,2794.62,Senior Financial Analyst,false,n/a
294,Billie,Rundle,Male,2213.83,Software Consultant,false,Restaurants
295,Jasmine,Camous,Female,2558.4,Assistant Manager,true,Metal Fabrications
296,Ferrell,Mc Curlye,Male,1522.16,Web Designer III,true,Textiles
297,Mirna,Stanlike,Female,3058.02,Help Desk Operator,true,Apparel
298,Maude,Simmers,Female,3765.14,Research Assistant IV,true,n/a
299,Kathi,Bragge,Female,2459.21,Account Executive,false,Major Banks
300,Devonna,Heazel,Female,3900.4,Dental Hygienist,true,Real Estate Investment Trusts
301,Jackelyn,Tumioto,Female,4763.57,Database Administrator II,false,Major Pharmaceuticals
302,Case,Pick,Male,2937.34,Senior Quality Engineer,false,Real Estate Investment Trusts
303,Benjamen,Morcomb,Male,515.59,Help Desk Technician,false,Power Generation
304,Shae,Whittier,Female,2194.83,Analyst Programmer,false,n/a
305,Quinn,Anselm,Male,2588.76,Mechanical Systems Engineer,false,Medical Specialities
306,Randal,Gaskill,Polygender,1879.27,Help Desk Technician,false,Investment Managers
307,Matty,Pimbley,Genderfluid,3130.07,Dental Hygienist,false,Investment Bankers/Brokers/Service
308,Onofredo,Luparto,Male,4091.54,Senior Quality Engineer,true,Business Services
309,Dina,Leads,Female,2362.19,Mechanical Systems Engineer,false,n/a
310,Rivkah,Vasyushkhin,Female,923.96,Electrical Engineer,false,n/a
311,Cordula,Scocroft,Female,1460.3,Accountant II,false,n/a
312,Floria,Polk,Female,3765.93,Environmental Specialist,false,Oil/Gas Transmission
313,Cassandry,Oxx,Female,840.18,Electrical Engineer,true,Auto Parts:O.E.M.
314,Anny,Bisiker,Female,2791.59,Accounting Assistant I,true,Home Furnishings
315,Louisette,Ensten,Female,3188.36,Assistant Manager,true,Auto Parts:O.E.M.
316,Jordana,Guiraud,Female,1143.27,Staff Accountant III,true,n/a
317,Katleen,Lavigne,Female,1272.57,Data Coordinator,true,Professional Services
318,Josiah,Leggitt,Male,1137.05,Physical Therapy Assistant,true,Other Consumer Services
319,Jacques,Houldcroft,Male,551.92,Occupational Therapist,true,Electric Utilities: Central
320,Nanine,Shilleto,Female,3081.1,Statistician IV,true,Hospital/Nursing Management
321,Jaquenetta,Eskrick,Female,2590.27,Librarian,true,Investment Bankers/Brokers/Service
322,Esmeralda,Merrien,Female,1175.53,Nurse,true,n/a
323,Stephie,Astbery,Genderfluid,2910.59,Health Coach I,false,n/a
324,Elfie,Plewman,Female,2777.98,Structural Analysis Engineer,true,n/a
325,Cara,Wickson,Female,2132.68,VP Product Management,true,Investment Bankers/Brokers/Service
326,Leia,Bushnell,Female,3573.6,Account Executive,false,Commercial Banks
327,Shermy,Stronghill,Male,4948.37,Data Coordinator,true,Industrial Machinery/Components
328,Berget,Zorzini,Female,1042.98,Computer Systems Analyst II,true,Savings Institutions
329,Valene,Kubera,Female,2605.52,Senior Sales Associate,false,Property-Casualty Insurers
330,Garald,Egginson,Male,1967.8,Biostatistician II,true,n/a
331,Pauli,Zanardii,Female,3807.81,Physical Therapy Assistant,false,Major Pharmaceuticals
332,Roslyn,Isselee,Agender,411.24,Registered Nurse,false,Major Banks
333,Hadley,Ladley,Male,4212.08,Biostatistician I,false,Industrial Machinery/Components
334,Frannie,Foskew,Male,979.11,Software Consultant,true,Real Estate Investment Trusts
335,Marji,Pallent,Female,1624.09,Speech Pathologist,false,n/a
336,Chrystal,Christon,Female,4042.83,Developer III,true,EDP Services
337,Merrill,Karpol,Male,2139.97,Civil Engineer,false,Property-Casualty Insurers
338,Alexei,Patters,Male,4840.28,Social Worker,false,Major Pharmaceuticals
339,Rachele,Garfoot,Female,1100.54,Analyst Programmer,false,Major Pharmaceuticals
340,Carroll,Weighell,Genderfluid,2478.44,Business Systems Development Analyst,false,Investment Managers
341,Scot,Jermy,Male,3025.5,Assistant Media Planner,true,Metal Fabrications
342,Amery,Boniface,Male,4129.16,Media Manager IV,true,Medical Specialities
343,Hagen,Loble,Male,4474.28,Data Coordinator,true,n/a
344,Dennie,Trevallion,Female,2242.53,Health Coach I,true,Major Banks
345,Uriel,Dayne,Male,1912.84,Health Coach III,true,Automotive Aftermarket
346,Hermia,Thurley,Female,4992.16,Business Systems Development Analyst,false,Movies/Entertainment
347,Naoma,Spur,Female,4376.34,Assistant Manager,true,Telecommunications Equipment
348,Lorianne,Delacoste,Polygender,4201.32,Quality Engineer,false,n/a
349,Judy,Ambrozik,Female,4698.17,Business Systems Development Analyst,true,Biotechnology: Biological Products (No Diagnostic Substances)
350,Derick,Soares,Male,3599.87,Financial Advisor,true,Apparel
351,Andy,Jeppensen,Female,4458.1,Accounting Assistant IV,true,Building operators
352,Lorraine,Blanchard,Female,1413.13,Community Outreach Specialist,false,Catalog/Specialty Distribution
353,Mason,Onele,Male,4973.33,General Manager,false,EDP Services
354,Robby,Kay,Agender,1007.34,Recruiter,false,Auto Parts:O.E.M.
355,Shelli,Scamadine,Agender,4048.19,VP Accounting,true,RETAIL: Building Materials
356,Romy,Matchett,Female,2230.29,Human Resources Manager,true,Specialty Insurers
357,Yvette,Lehemann,Bigender,1757.24,Quality Engineer,false,Investment Managers
358,Harriette,Limeburn,Female,2473.37,Sales Associate,true,n/a
359,Erich,McPaik,Male,4884.67,Nurse Practicioner,true,Major Pharmaceuticals
360,Neddie,Wauchope,Male,3916.19,Database Administrator III,true,Semiconductors
361,Dominique,Worboy,Female,1998.76,Structural Analysis Engineer,false,Savings Institutions
362,Flem,Elfes,Male,3253.93,Administrative Assistant II,true,Computer Software: Prepackaged Software
363,Wilden,Josiah,Male,2122.46,Account Executive,false,Semiconductors
364,Meggy,Arnoll,Female,1686.65,Computer Systems Analyst II,false,Real Estate
365,Jana,Domingues,Female,4434.84,Financial Advisor,true,Precious Metals
366,Daron,Iliffe,Female,2777.33,Payment Adjustment Coordinator,true,Diversified Electronic Products
367,Shayne,Frankes,Male,2942.54,GIS Technical Architect,false,Television Services
368,Maryjo,Manketell,Agender,3595.64,Senior Quality Engineer,true,Investment Managers
369,Dieter,Cutchee,Male,4848.7,Web Developer IV,false,n/a
370,Shaine,Sackur,Male,1959.26,Research Assistant III,true,Telecommunications Equipment
371,Deanne,Craske,Female,3624.9,Accountant I,true,Major Banks
372,Revkah,Plampeyn,Female,2608.91,Recruiting Manager,false,Other Consumer Services
373,Lorry,Bonnor,Genderqueer,3374.87,Project Manager,true,Other Pharmaceuticals
374,Hedvige,Shovlar,Female,2812.12,Registered Nurse,false,Major Pharmaceuticals
375,Yevette,Heynel,Female,2438.86,Assistant Professor,false,Auto Manufacturing
376,Kessiah,Antonnikov,Female,2075.23,VP Product Management,true,n/a
377,Corbet,Plumridge,Male,1382.95,Web Developer IV,false,Electric Utilities: Central
378,Walton,Lippatt,Male,549.01,Human Resources Assistant IV,false,n/a
379,Genovera,Kubas,Female,4137.96,Account Coordinator,false,n/a
380,Ines,Cruddas,Female,3496.65,Programmer Analyst IV,false,n/a
381,Rudolph,Cadge,Male,492.03,Staff Accountant III,true,Coal Mining
382,Donnie,Strawbridge,Female,3871.07,Librarian,true,Major Banks
383,Raymond,Francino,Male,1438.62,Senior Quality Engineer,true,n/a
384,Obed,Rawlingson,Non-binary,4717.65,Payment Adjustment Coordinator,false,Major Pharmaceuticals
385,Aubert,Wynett,Male,2485.95,Environmental Tech,true,Life Insurance
386,Collete,Iwanowicz,Female,4254.5,Engineer II,true,Major Banks
387,Jerry,Robbie,Male,4820.53,Business Systems Development Analyst,true,Major Banks
388,Jacquette,Caplan,Female,663.39,VP Marketing,true,Semiconductors
389,Bobbie,Rickaby,Male,816.01,Recruiter,false,Investment Bankers/Brokers/Service
390,Beulah,Rottcher,Non-binary,761.03,Pharmacist,true,n/a
391,Annelise,Ambrogioni,Female,4694.53,Marketing Assistant,false,Natural Gas Distribution
392,Alleen,Durrans,Female,4542.43,Human Resources Assistant III,true,n/a
393,Ellerey,Mathers,Male,4172.35,Administrative Assistant II,true,Telecommunications Equipment
394,Zackariah,Antoniat,Male,2483.12,Structural Analysis Engineer,true,Semiconductors
395,Cairistiona,Amott,Female,3987.27,Executive Secretary,true,Medical/Dental Instruments
396,Tully,Hazeltine,Male,2725.24,Statistician III,false,Automotive Aftermarket
397,Adella,Lidgley,Female,4010.53,Payment Adjustment Coordinator,false,Consumer Electronics/Appliances
398,Irwinn,Sheers,Male,1601.98,VP Marketing,true,Oil Refining/Marketing
399,Lula,Gianuzzi,Female,1141.55,Geological Engineer,true,Specialty Insurers
400,Melinde,Frift,Female,870.03,Professor,true,Computer Software: Prepackaged Software
401,Chris,Kuller,Female,4348.36,Account Coordinator,false,n/a
402,Justus,Stouther,Male,2058.76,Assistant Media Planner,true,Diversified Commercial Services
403,Mandi,Hansom,Female,4700.1,Data Coordinator,true,Retail: Computer Software & Peripheral Equipment
404,Emeline,Lemar,Female,1680.58,Staff Accountant II,true,n/a
405,Elvera,Lacroix,Female,2544.32,Account Executive,false,Auto Parts:O.E.M.
406,Marji,Click,Female,3565.62,Graphic Designer,true,n/a
407,Violet,Gouth,Female,662.23,Professor,true,n/a
408,Gardiner,Loder,Male,551.59,VP Marketing,true,n/a
409,Arty,Keepin,Male,435.39,VP Accounting,true,Forest Products
410,Linnet,Goodwyn,Female,1749.45,Administrative Assistant IV,false,Real Estate
411,Merrili,Kaley,Agender,4194.08,Tax Accountant,true,Specialty Insurers
412,Andree,Hakes,Female,3577.03,Community Outreach Specialist,false,"Computer Software: Programming, Data Processing"
413,Waldemar,Twinterman,Male,1664.97,Research Nurse,false,Real Estate Investment Trusts
414,Maurine,Pontefract,Female,2828.51,Programmer II,false,Air Freight/Delivery Services
415,Tiphanie,Kettlestringe,Female,3893.66,Administrative Assistant II,true,Commercial Banks
416,Cyndia,Lovering,Female,3113.33,Senior Financial Analyst,true,Medical/Nursing Services
417,Niles,Pyett,Male,3623.3,Analog Circuit Design manager,true,Major Banks
418,Jaimie,Severwright,Male,1700.78,Actuary,false,Forest Products
419,Mohammed,Caverhill,Male,1777.4,Civil Engineer,false,n/a
420,Peria,Neligan,Female,1028.39,Web Developer I,false,Medical/Dental Instruments
421,Alonzo,Taye,Male,4251.16,Accounting Assistant I,false,n/a
422,Tabb,Rugieri,Male,1181.86,Senior Financial Analyst,true,n/a
423,Kearney,Eykelhof,Male,3000.37,Executive Secretary,false,n/a
424,Ranique,Rhoades,Female,3030.65,Junior Executive,true,Biotechnology: Biological Products (No Diagnostic Substances)
425,Web,Monteaux,Male,3020.91,Recruiter,true,Advertising
426,Shannan,Szymanski,Male,4222.8,Payment Adjustment Coordinator,false,Major Pharmaceuticals
427,Salaidh,Radage,Female,2706.06,Data Coordinator,false,Food Chains
428,Daniel,Burchess,Male,4032.99,Structural Analysis Engineer,true,n/a
429,Martita,Catmull,Female,677.72,VP Marketing,false,Real Estate Investment Trusts
430,Madison,Prettejohns,Male,3555.86,Graphic Designer,false,Life Insurance
431,Rozina,Oriel,Female,652.11,Sales Representative,false,Natural Gas Distribution
432,Hilliard,Duchart,Male,4008.39,Teacher,true,n/a
433,Ainsley,Badland,Genderfluid,4592.05,Structural Analysis Engineer,false,Oil & Gas Production
434,Halsy,Fairnie,Male,431.2,Physical Therapy Assistant,true,Biotechnology: In Vitro & In Vivo Diagnostic Substances
435,Giacopo,Mournian,Male,3529.38,Sales Associate,true,n/a
436,Haleigh,Fishby,Female,3679.21,Project Manager,true,Finance: Consumer Services
437,Anton,Jenne,Male,2518.11,VP Product Management,false,Real Estate Investment Trusts
438,Bat,Lapidus,Male,2417.42,Pharmacist,false,Biotechnology: Commercial Physical & Biological Resarch
439,Suzette,Woofenden,Female,2690.54,Tax Accountant,false,Real Estate
440,Guillaume,Vondruska,Male,1176.82,Nurse,true,n/a
441,Leonhard,Katte,Male,757.03,Marketing Assistant,false,Military/Government/Technical
442,Bronson,Wheal,Male,1735.48,Social Worker,false,Property-Casualty Insurers
443,Halsy,Nutley,Male,3110.75,VP Marketing,true,Major Pharmaceuticals
444,Luciano,Maidstone,Male,4681.5,Executive Secretary,true,Hotels/Resorts
445,Adrianna,Sparham,Female,3032.68,Financial Advisor,false,Radio And Television Broadcasting And Communications Equipment
446,Maurizia,De Laci,Female,4132.08,Account Executive,false,EDP Services
447,Ketti,Calbrathe,Female,4279.71,Web Designer I,true,Telecommunications Equipment
448,Vicki,Minton,Female,2885.72,Technical Writer,false,Farming/Seeds/Milling
449,Justinian,Hawkeswood,Male,1638.9,Nurse Practicioner,false,Integrated oil Companies
450,Cassondra,Crafter,Agender,4765.43,Assistant Manager,true,Auto Parts:O.E.M.
451,Loreen,Doddridge,Female,1112.5,Teacher,true,Computer Software: Prepackaged Software
452,Janenna,Axford,Female,753.49,Environmental Specialist,true,Property-Casualty Insurers
453,Seymour,Brounsell,Male,2996.09,Accounting Assistant II,false,Business Services
454,Amberly,Carmo,Female,4802.05,Compensation Analyst,false,Major Chemicals
455,Julina,Annell,Agender,602.21,Budget/Accounting Analyst II,false,Consumer Electronics/Appliances
456,Saloma,De Hoogh,Female,3292.48,Compensation Analyst,false,Homebuilding
457,Joey,Eddicott,Male,834.17,Senior Sales Associate,false,Hotels/Resorts
458,Dinnie,Commucci,Female,2026.96,Financial Advisor,true,Property-Casualty Insurers
459,Lucias,Domm,Male,2613.14,Human Resources Manager,true,Integrated oil Companies
460,Ara,Janous,Female,3824.67,Environmental Tech,false,Trucking Freight/Courier Services
461,Manuel,Kyrkeman,Male,2534.33,Health Coach I,true,"Computer Software: Programming, Data Processing"
462,Shalna,Blackstone,Female,1285.37,Accountant I,false,Major Pharmaceuticals
463,Sallyanne,Legier,Female,4442.48,Research Nurse,true,Hotels/Resorts
464,Susanne,Mintrim,Female,2464.49,Senior Cost Accountant,false,n/a
465,Cindi,Busfield,Female,4501.22,VP Quality Control,false,Major Pharmaceuticals
466,Dalli,Kleinschmidt,Male,885.7,Marketing Manager,true,Computer Software: Prepackaged Software
467,Petronilla,Benham,Female,1668.0,Paralegal,true,n/a
468,Rollins,Habbema,Male,3177.69,Analyst Programmer,true,Major Banks
469,Bucky,Stelli,Male,1115.13,Chemical Engineer,true,Major Banks
470,Janina,Aisman,Female,2875.89,Programmer III,false,Investment Bankers/Brokers/Service
471,Junie,Copestake,Female,4354.0,Accounting Assistant III,false,n/a
472,Shaughn,Glancy,Male,1197.09,Software Consultant,true,Property-Casualty Insurers
473,Rudy,Colbran,Male,4913.32,Statistician I,false,Real Estate Investment Trusts
474,Starlin,McTurley,Genderqueer,3647.91,Librarian,false,n/a
475,Bendick,Lerigo,Male,1912.94,Compensation Analyst,false,n/a
476,Trey,O'Cridigan,Male,1578.33,Legal Assistant,false,Packaged Foods
477,Meara,Learmonth,Female,1830.36,Senior Editor,false,n/a
478,Catha,Dudderidge,Female,1998.46,Assistant Professor,false,Semiconductors
479,Quintus,Schwier,Male,4455.68,Community Outreach Specialist,true,Major Banks
480,Miles,Hatcher,Male,4585.21,Programmer Analyst I,true,Precision Instruments
481,Rossie,Ubsdell,Male,3404.59,Office Assistant III,false,n/a
482,Timmy,O'Farris,Female,3166.93,Community Outreach Specialist,false,n/a
483,Kissie,Stroton,Female,1919.69,Staff Scientist,true,Major Pharmaceuticals
484,Codie,Sneaker,Female,2210.05,Design Engineer,false,n/a
485,Lewiss,Mangeney,Male,1561.88,Product Engineer,true,Television Services
486,Craggie,Bysh,Male,2657.37,Analyst Programmer,true,Savings Institutions
487,Bobbie,Spalton,Male,925.97,Staff Accountant II,true,Apparel
488,Joela,Fookes,Female,2811.6,Sales Representative,true,Computer Software: Prepackaged Software
489,Christos,Portriss,Male,2250.45,Data Coordinator,false,Major Pharmaceuticals
490,Brade,Ivashkov,Male,830.28,Editor,true,Shoe Manufacturing
491,Salem,Dunham,Male,1211.15,Information Systems Manager,true,Biotechnology: Electromedical & Electrotherapeutic Apparatus
492,Meggy,Casone,Female,3277.7,Geological Engineer,false,EDP Services
493,Billy,Keeting,Genderfluid,3236.04,VP Product Management,false,Biotechnology: Biological Products (No Diagnostic Substances)
494,Dulcinea,Bransgrove,Female,4163.13,Teacher,false,n/a
495,Astrix,Cough,Female,3384.75,Payment Adjustment Coordinator,false,Major Chemicals
496,Rosemary,Moxsom,Female,4569.38,Office Assistant IV,false,n/a
497,Pernell,Choke,Male,2103.5,Senior Financial Analyst,true,n/a
498,Gilligan,Outlaw,Female,3163.21,Administrative Assistant I,false,Television Services
499,Kurt,Fuge,Male,424.36,Recruiting Manager,false,Marine Transportation
500,Evita,Hitchens,Genderfluid,2213.26,Senior Financial Analyst,false,Biotechnology: Biological Products (No Diagnostic Substances)
501,Elijah,Joliffe,Genderqueer,2261.87,Senior Financial Analyst,false,Automotive Aftermarket
502,Maurice,Lowcock,Male,992.77,Human Resources Manager,true,Biotechnology: Biological Products (No Diagnostic Substances)
503,Gherardo,Punyer,Male,3615.52,Environmental Tech,false,n/a
504,Jecho,Whitchurch,Genderfluid,3888.87,Senior Quality Engineer,false,Apparel
505,Sinclare,Vane,Male,3297.04,Biostatistician III,false,Real Estate
506,Merle,Plaster,Male,1099.94,Research Nurse,false,Major Pharmaceuticals
507,Jamesy,Aslen,Male,3647.07,VP Marketing,true,Electronic Components
508,Baldwin,Doornbos,Male,1304.69,Product Engineer,false,Biotechnology: Commercial Physical & Biological Resarch
509,Ritchie,Pattini,Male,1027.95,Software Test Engineer III,true,n/a
510,Dorolice,Bandey,Female,2648.59,Senior Cost Accountant,true,Semiconductors
511,Redford,Dulwich,Male,4749.04,Nurse Practicioner,false,Semiconductors
512,Ellette,Bladge,Female,1126.7,Automation Specialist II,false,Semiconductors
513,Sterling,Siddaley,Male,3468.64,Clinical Specialist,true,Natural Gas Distribution
514,Jerad,de Glanville,Non-binary,1788.42,Automation Specialist IV,false,n/a
515,Parnell,Patman,Male,1807.01,Nuclear Power Engineer,false,Services-Misc. Amusement & Recreation
516,Rhodie,Dreossi,Female,4676.86,Staff Accountant I,true,Clothing/Shoe/Accessory Stores
517,Cirillo,Keasy,Male,3479.93,Chief Design Engineer,true,Major Banks
518,Luelle,MacMenamie,Female,2570.21,Product Engineer,true,Electric Utilities: Central
519,Philomena,Spellecy,Female,4837.83,Systems Administrator I,true,Major Pharmaceuticals
520,Gabriell,Feather,Female,4077.84,Chief Design Engineer,true,Major Banks
521,Ginny,Baldree,Female,2781.26,Software Test Engineer IV,false,Oil Refining/Marketing
522,Liz,Zima,Genderfluid,4625.6,Staff Accountant II,true,Investment Bankers/Brokers/Service
523,Kare,Riba,Female,2918.46,Biostatistician III,false,n/a
524,Catlee,Mudd,Female,1793.81,Geologist II,false,Major Banks
525,Durand,Seiter,Male,4739.56,Chemical Engineer,false,Computer Software: Prepackaged Software
526,Obediah,Warbey,Male,1379.08,Tax Accountant,false,Savings Institutions
527,Courtnay,Bosche,Polygender,4500.12,Biostatistician III,true,n/a
528,Shellysheldon,Killford,Male,3833.67,Recruiter,false,Semiconductors
529,Carolann,Obal,Female,2190.31,VP Quality Control,false,EDP Services
530,Brandice,Fidgin,Female,1078.78,Librarian,true,Motor Vehicles
531,Micheline,Gatrill,Female,860.05,Budget/Accounting Analyst II,false,n/a
532,Myriam,Basson,Female,4223.23,Technical Writer,true,Apparel
533,Silvana,Puckey,Female,1939.77,Information Systems Manager,false,n/a
534,Wilmar,O'Fairy,Male,4781.04,Cost Accountant,true,Major Chemicals
535,Lemmie,Coaster,Male,3318.4,Payment Adjustment Coordinator,false,Real Estate Investment Trusts
536,Aleece,Messier,Female,3004.32,Design Engineer,false,Commercial Banks
537,Gottfried,Clohissy,Male,4854.02,Compensation Analyst,true,Major Banks
538,Theodora,Willox,Bigender,4833.68,Electrical Engineer,true,n/a
539,Pembroke,Somner,Genderqueer,2732.16,VP Sales,false,Biotechnology: Commercial Physical & Biological Resarch
540,Mozes,Danilovitch,Male,2705.44,Accountant IV,true,Natural Gas Distribution
541,Earvin,Selesnick,Male,546.73,Design Engineer,true,Consumer Specialties
542,Ware,Paolazzi,Male,4526.1,Community Outreach Specialist,true,n/a
543,Carroll,Ricards,Female,441.51,Structural Analysis Engineer,true,Hotels/Resorts
544,Gladys,Saunt,Female,635.08,Research Associate,true,n/a
545,Jacky,Heinsius,Female,3846.78,Desktop Support Technician,true,Mining & Quarrying of Nonmetallic Minerals (No Fuels)
546,Carma,Ramsay,Female,4603.26,Chemical Engineer,false,n/a
547,Rudiger,Kleinhandler,Male,2834.65,GIS Technical Architect,true,Finance: Consumer Services
548,Nomi,Issitt,Female,1768.17,Internal Auditor,true,Precious Metals
549,Celestyna,Goodliffe,Female,1114.92,Software Test Engineer IV,true,n/a
550,Carroll,Doughartie,Female,2817.91,VP Sales,false,Real Estate
551,Tarra,Telega,Female,3330.32,Assistant Manager,false,Metal Fabrications
552,Chariot,Jelkes,Male,3749.57,Product Engineer,true,Farming/Seeds/Milling
553,Tarra,Perring,Polygender,4177.12,GIS Technical Architect,false,n/a
554,Michel,Derl,Genderfluid,1444.95,Social Worker,false,Radio And Television Broadcasting And Communications Equipment
555,Roselia,Harse,Female,3075.16,Community Outreach Specialist,true,Computer Software: Prepackaged Software
556,Marion,Blumsom,Female,3104.58,Analog Circuit Design manager,false,Oil & Gas Production
557,Jase,Feely,Male,1292.91,Senior Editor,true,n/a
558,Bertrand,Aucoate,Male,2973.82,Senior Financial Analyst,false,Major Banks
559,Sigrid,Abad,Female,3922.48,Assistant Manager,true,Integrated oil Companies
560,Boot,Stoyell,Male,719.25,Web Developer II,false,Diversified Commercial Services
561,Lexis,Duberry,Female,4401.56,Environmental Tech,true,Investment Managers
562,Farand,Oganesian,Female,2350.4,Technical Writer,true,Real Estate
563,Benjy,Clare,Male,2943.65,Analog Circuit Design manager,false,Major Banks
564,Lila,Gorrick,Female,2154.53,Database Administrator III,false,n/a
565,Othilia,Behan,Bigender,3018.21,Help Desk Technician,true,Real Estate Investment Trusts
566,Solly,Broadist,Male,2000.62,Software Engineer IV,false,Property-Casualty Insurers
567,Normand,Daddow,Genderfluid,972.51,Marketing Assistant,false,Natural Gas Distribution
568,Correy,Inchbald,Female,2006.24,Software Consultant,true,n/a
569,Rodge,Jentges,Male,1192.23,Programmer Analyst IV,true,Major Banks
570,Keslie,Treadgold,Female,4112.11,Occupational Therapist,true,Major Banks
571,Micheal,Crace,Male,774.13,Electrical Engineer,false,n/a
572,Rafaela,Caldicot,Female,2352.64,Health Coach III,true,Package Goods/Cosmetics
573,Merrily,Peckitt,Female,3568.37,Payment Adjustment Coordinator,false,Telecommunications Equipment
574,Hayley,Roman,Female,1306.23,Recruiter,true,n/a
575,Ursa,Ineson,Female,881.09,Staff Accountant I,true,Major Banks
576,Ozzy,Frogley,Agender,4191.68,Automation Specialist IV,true,Life Insurance
577,Nataline,Lauder,Female,3910.15,Editor,true,"Computer Software: Programming, Data Processing"
578,Gerhardt,Donativo,Male,1290.66,Data Coordinator,false,Food Distributors
579,Kellina,Van der Son,Female,2341.3,Financial Analyst,false,Major Pharmaceuticals
580,Genny,Oiseau,Female,1909.28,Community Outreach Specialist,true,Office Equipment/Supplies/Services
581,Kristel,Johnsee,Female,1773.91,Information Systems Manager,false,n/a
582,Adrian,Cloutt,Male,2349.73,VP Sales,true,Professional Services
583,Selene,Tosney,Female,3815.11,Safety Technician II,false,Major Pharmaceuticals
584,Malina,Demangeon,Female,1540.27,VP Quality Control,true,Real Estate Investment Trusts
585,Poppy,Sturch,Female,3341.03,Director of Sales,true,Major Banks
586,Brittan,Dagworthy,Female,1249.18,Research Associate,false,Air Freight/Delivery Services
587,Stevy,Whelpton,Male,4956.59,Business Systems Development Analyst,true,"Computer Software: Programming, Data Processing"
588,Camella,McPhate,Bigender,3804.47,Software Test Engineer III,true,n/a
589,Ardella,Lorente,Female,898.99,Legal Assistant,false,Department/Specialty Retail Stores
590,Genevieve,Bendixen,Female,2371.94,Internal Auditor,false,Major Pharmaceuticals
591,Di,Croft,Female,766.5,Environmental Tech,true,Major Pharmaceuticals
592,Leeland,Urling,Male,2074.39,Operator,false,Homebuilding
593,Myranda,Lexa,Female,756.73,Senior Editor,false,Agricultural Chemicals
594,Claus,Cronk,Male,3063.7,VP Accounting,false,Packaged Foods
595,Bernardo,McKilroe,Male,1920.93,Chemical Engineer,false,Hotels/Resorts
596,Donalt,Magrane,Male,3404.48,VP Quality Control,true,Farming/Seeds/Milling
597,Bride,Mixter,Female,4425.68,Biostatistician II,true,Finance: Consumer Services
598,Darell,Kenvin,Female,1828.14,Marketing Assistant,false,Marine Transportation
599,Kevon,Ledgard,Male,2195.21,Marketing Assistant,false,Business Services
600,Lyman,Ganter,Male,2875.2,Design Engineer,true,Packaged Foods
601,Vittoria,Chestnut,Female,549.97,Research Nurse,false,Major Pharmaceuticals
602,Graeme,Leggs,Male,1617.78,Structural Engineer,false,n/a
603,Jessy,Windress,Female,1270.03,Financial Analyst,false,Industrial Machinery/Components
604,Shirley,Furmedge,Female,3270.59,Social Worker,false,Broadcasting
605,Tanitansy,Kleinert,Female,704.67,Financial Advisor,false,Oil & Gas Production
606,Tammy,Aylott,Male,2517.18,Payment Adjustment Coordinator,true,n/a
607,Britni,Dewane,Female,948.89,Senior Developer,true,n/a
608,Hillary,Juschke,Female,2898.58,Registered Nurse,false,Professional Services
609,Zitella,Walthew,Female,1410.48,Research Nurse,true,Railroads
610,Olga,Waszczykowski,Genderfluid,2967.92,Systems Administrator III,false,n/a
611,Mirabelle,Keer,Female,4813.31,Engineer II,true,Electrical Products
612,Etti,Jakubowsky,Female,4538.48,Pharmacist,true,Major Pharmaceuticals
613,Gaby,Landre,Female,3152.01,Dental Hygienist,false,Television Services
614,Drucill,Bertl,Female,4446.8,Human Resources Assistant III,false,n/a
615,Vinnie,Wallsam,Male,2868.1,Payment Adjustment Coordinator,false,Real Estate Investment Trusts
616,Oralie,Conrad,Female,3603.59,Quality Engineer,true,Major Banks
617,Yvonne,Mowsdill,Female,3799.78,Executive Secretary,false,n/a
618,Vickie,Decroix,Female,708.65,Food Chemist,false,n/a
619,Craggie,Vidgeon,Genderfluid,3757.76,GIS Technical Architect,true,Environmental Services
620,Riley,Lanchester,Male,1300.56,Senior Financial Analyst,true,n/a
621,Chadd,Quare,Male,3697.68,Marketing Assistant,true,Oil & Gas Production
622,Lancelot,Boreland,Male,2664.86,Human Resources Assistant III,false,Farming/Seeds/Milling
623,Tybi,Vescovo,Female,2094.94,Executive Secretary,false,Major Banks
624,Sydel,Ferries,Female,2580.92,Operator,true,Investment Bankers/Brokers/Service
625,Giavani,Stevani,Male,1847.65,Editor,true,n/a
626,Gloria,McNiven,Female,2641.44,Project Manager,false,Business Services
627,Leena,Dallemore,Female,1371.72,Director of Sales,false,Steel/Iron Ore
628,Nikkie,Peirone,Female,695.51,Assistant Professor,true,n/a
629,Meridel,Bradtke,Genderqueer,2050.83,Budget/Accounting Analyst III,true,Major Pharmaceuticals
630,Malinde,Cumes,Female,873.08,Accountant IV,true,Real Estate
631,Vidovik,Simeonov,Male,3612.56,Health Coach I,true,Medical/Dental Instruments
632,Trenton,Kiebes,Male,2249.45,Recruiter,false,n/a
633,Phillipp,O'Fihillie,Male,4024.11,Project Manager,false,Precious Metals
634,Christopher,Petracchi,Male,2406.31,Mechanical Systems Engineer,true,n/a
635,Dorise,Sofe,Female,3399.19,Junior Executive,true,Telecommunications Equipment
636,Xenia,Pomfret,Female,4080.56,Environmental Specialist,false,Industrial Machinery/Components
637,Linc,Winnister,Male,2359.08,Database Administrator III,true,Telecommunications Equipment
638,Ninetta,Halpin,Female,1453.11,Social Worker,false,Oil & Gas Production
639,Ashla,McCarle,Female,3972.78,Marketing Manager,false,Major Banks
640,Brenn,Korda,Female,1407.11,Information Systems Manager,false,n/a
641,Betta,Arling,Female,2383.03,Account Representative I,true,Movies/Entertainment
642,Kayle,Isenor,Female,2436.15,Marketing Assistant,false,Property-Casualty Insurers
643,Lyndsey,Abell,Female,3157.57,Mechanical Systems Engineer,false,Hotels/Resorts
644,Elisha,Thurlbeck,Female,1324.89,Systems Administrator I,false,Oil & Gas Production
645,Shelli,Babonau,Female,3448.74,Physical Therapy Assistant,true,Oil & Gas Production
646,Celine,Moreno,Female,2083.66,Structural Analysis Engineer,true,n/a
647,Claudio,Antham,Male,4226.08,Staff Accountant III,false,Containers/Packaging
648,Dew,Uvedale,Male,4929.23,Internal Auditor,true,Services-Misc. Amusement & Recreation
649,Chrisy,Cathesyed,Male,1269.56,Developer II,false,Business Services
650,Gram,Reedie,Polygender,4715.12,Research Nurse,true,Industrial Specialties
651,Carly,Gauler,Male,954.21,Recruiter,false,EDP Services
652,Nikolai,Dunnet,Male,2919.73,Sales Associate,true,Computer Software: Prepackaged Software
653,Eward,Balloch,Male,2391.06,Research Assistant IV,false,Major Pharmaceuticals
654,Cary,Tressler,Male,2375.57,Developer I,true,Telecommunications Equipment
655,Curry,Leftly,Male,3648.12,Engineer I,false,Major Pharmaceuticals
656,Sybilla,Bytheway,Female,1880.06,General Manager,false,Business Services
657,Tanner,Cheales,Male,3908.74,Senior Cost Accountant,true,Major Banks
658,Daisy,Strowthers,Female,2662.59,Web Developer I,false,Clothing/Shoe/Accessory Stores
659,Pollyanna,Coode,Female,2196.42,Software Engineer II,true,Industrial Specialties
660,Gunar,MacAlpine,Male,1369.15,Research Associate,true,Industrial Machinery/Components
661,Joelynn,Valett,Genderqueer,715.86,Software Engineer II,true,Business Services
662,Coreen,Annell,Female,2958.19,Recruiting Manager,true,n/a
663,Tresa,Terlinden,Female,2871.56,Accountant II,true,Auto Parts:O.E.M.
664,Gus,Scaplehorn,Male,718.81,Food Chemist,true,Property-Casualty Insurers
665,Morlee,Lackeye,Male,2952.59,Community Outreach Specialist,true,n/a
666,Marissa,MacAulay,Female,1627.96,Electrical Engineer,true,Accident &Health Insurance
667,Leroi,Voice,Male,3512.1,Operator,false,Major Pharmaceuticals
668,Leoine,Hazeldene,Female,1844.15,Assistant Media Planner,false,n/a
669,Oates,Byfield,Male,4351.08,Legal Assistant,true,Semiconductors
670,Lionello,McKevany,Non-binary,4907.51,Help Desk Operator,true,Food Distributors
671,Rafael,Edwin,Male,3711.5,Executive Secretary,false,n/a
672,Tina,Collopy,Female,2264.25,Geologist I,false,Apparel
673,Sandi,Penton,Female,4623.68,Senior Financial Analyst,true,Banks
674,Carleton,Gleadle,Male,2406.22,Safety Technician II,true,Electric Utilities: Central
675,Arni,Swaffield,Male,4096.64,Technical Writer,false,Medical/Dental Instruments
676,Rebeka,Wiffill,Female,1890.16,Community Outreach Specialist,true,Oil & Gas Production
677,Hasheem,Braunds,Male,821.53,Systems Administrator III,true,Other Consumer Services
678,Benedick,Andrysiak,Non-binary,1720.88,Nurse Practicioner,false,Telecommunications Equipment
679,Edgard,Shakspeare,Male,4714.5,Quality Control Specialist,false,n/a
680,Rosy,Pocklington,Female,681.35,Administrative Assistant III,false,Major Pharmaceuticals
681,Jackelyn,Hardman,Female,2783.05,Sales Associate,false,Forest Products
682,Kali,Cowx,Female,4009.09,Automation Specialist I,false,Industrial Machinery/Components
683,Fionna,St. Quentin,Female,4478.4,Electrical Engineer,true,n/a
684,Baxter,Stains,Male,1241.08,Business Systems Development Analyst,true,Biotechnology: In Vitro & In Vivo Diagnostic Substances
685,Filmore,Graddell,Male,4821.31,Accounting Assistant III,true,Major Pharmaceuticals
686,Darn,Jemison,Male,4144.95,Senior Developer,false,Major Pharmaceuticals
687,Renault,Prahm,Male,1824.18,Statistician III,false,Semiconductors
688,Forest,Overill,Male,3531.41,VP Product Management,true,Restaurants
689,Jessie,Carlan,Female,4849.67,Compensation Analyst,false,Property-Casualty Insurers
690,Perren,Brotherton,Male,4902.96,Assistant Manager,true,Movies/Entertainment
691,Niven,Clutterham,Male,513.32,Director of Sales,false,Auto Manufacturing
692,Hildagard,Mowsdill,Female,3072.19,Programmer Analyst III,true,Trucking Freight/Courier Services
693,Penn,Torrent,Male,1746.06,Account Representative I,true,Packaged Foods
694,Hersh,Haps,Male,2467.59,Research Associate,true,Other Specialty Stores
695,Lockwood,Losano,Male,4809.43,Research Nurse,true,Telecommunications Equipment
696,Bendix,Purry,Bigender,864.38,Software Test Engineer I,false,Major Pharmaceuticals
697,Isacco,Stanyon,Male,4887.66,Database Administrator II,true,Miscellaneous manufacturing industries
698,Igor,Clappson,Male,3974.58,Assistant Media Planner,true,Major Pharmaceuticals
699,Sadye,Dudin,Bigender,4132.03,Tax Accountant,true,n/a
700,Jess,McKyrrelly,Male,4470.79,Quality Engineer,false,n/a
701,Marty,Winkworth,Female,1784.86,VP Marketing,true,Telecommunications Equipment
702,Candra,Lucian,Female,593.34,Administrative Assistant I,false,Farming/Seeds/Milling
703,Colline,Ashbee,Female,1889.9,Assistant Professor,true,Computer Software: Prepackaged Software
704,Winnie,Worsall,Male,1880.3,Health Coach II,true,n/a
705,Noel,Le Friec,Polygender,2854.22,Compensation Analyst,false,n/a
706,Jacob,Aleevy,Male,4192.26,Executive Secretary,true,Major Pharmaceuticals
707,Morten,Levensky,Male,2190.04,Safety Technician III,false,n/a
708,Godard,Raithbie,Male,1419.1,Health Coach II,false,n/a
709,Raphaela,Guarin,Female,1525.92,Financial Advisor,true,n/a
710,Minta,Tremellier,Female,2133.93,Senior Editor,true,Radio And Television Broadcasting And Communications Equipment
711,Inez,Brisco,Female,1692.24,Teacher,true,Farming/Seeds/Milling
712,Rouvin,Estcourt,Male,1808.76,Recruiting Manager,true,Construction/Ag Equipment/Trucks
713,Koressa,Althrope,Female,3716.65,Professor,false,Packaged Foods
714,Hayward,Geelan,Genderfluid,1963.03,Junior Executive,false,Tobacco
715,Johnnie,Rittelmeyer,Male,2787.73,Administrative Assistant III,true,Packaged Foods
716,Matthieu,Lumsdale,Male,3840.23,Analyst Programmer,true,n/a
717,Griff,Lawrance,Male,3882.77,Director of Sales,false,n/a
718,Michel,Jotcham,Male,2400.57,Compensation Analyst,false,Medical/Nursing Services
719,Bevan,Guiden,Male,2788.07,Executive Secretary,false,Precious Metals
720,Kiel,Profit,Male,1326.04,Structural Analysis Engineer,false,Major Banks
721,Ange,Scardafield,Male,3577.16,Civil Engineer,false,Business Services
722,Aldus,Lindhe,Male,4978.73,Engineer II,true,Business Services
723,Lonny,Gostick,Male,568.9,Sales Associate,false,Major Pharmaceuticals
724,Rosina,Cicetti,Genderqueer,3888.66,Information Systems Manager,true,Building operators
725,Spense,MacAnelley,Male,2771.8,Associate Professor,true,Homebuilding
726,Caitrin,Vose,Female,751.31,Compensation Analyst,true,Major Banks
727,Rorke,Beloe,Male,842.34,Biostatistician IV,false,Real Estate Investment Trusts
728,Towney,Bickerdike,Male,501.28,Environmental Tech,false,n/a
729,Avictor,Salamon,Male,916.27,Administrative Officer,false,n/a
730,Franciska,Cartledge,Genderfluid,4871.85,Analyst Programmer,false,Major Pharmaceuticals
731,Barnebas,Gallemore,Male,4942.17,Analog Circuit Design manager,true,Investment Managers
732,Prudy,Roderighi,Female,2771.28,Quality Engineer,false,Beverages (Production/Distribution)
733,Ellwood,Heynel,Male,1699.36,Data Coordinator,false,n/a
734,Gabriele,Lenox,Male,4515.83,Actuary,true,Specialty Chemicals
735,Nicholas,Plinck,Male,3669.7,Senior Financial Analyst,false,n/a
736,Tamara,Joblin,Polygender,3608.41,Environmental Tech,true,Computer Software: Prepackaged Software
737,Adi,Buckie,Female,4828.05,Financial Advisor,true,Marine Transportation
738,Ertha,Alti,Female,2701.42,Internal Auditor,false,n/a
739,Bekki,Goodlet,Female,4587.61,Teacher,true,Diversified Commercial Services
740,Therine,Bootyman,Female,2158.28,Food Chemist,false,n/a
741,Myrtia,Onraet,Female,3511.98,Chief Design Engineer,true,n/a
742,Easter,Lavery,Female,479.63,Computer Systems Analyst I,false,Auto Parts:O.E.M.
743,Jamal,Killby,Male,762.17,Nuclear Power Engineer,false,n/a
744,Tristan,Tremble,Male,4566.49,Social Worker,false,Auto Parts:O.E.M.
745,Regen,Plevey,Male,4084.74,Financial Analyst,false,Major Banks
746,Gwynne,Cano,Female,2862.7,Cost Accountant,true,EDP Services
747,Antonia,McCartney,Female,3152.99,Safety Technician IV,false,Business Services
748,Tabbi,Kubicka,Non-binary,706.6,Marketing Manager,true,Major Banks
749,Alexi,Whitelock,Female,3689.62,Office Assistant I,true,Real Estate Investment Trusts
750,Adan,Wood,Male,1918.39,Media Manager III,true,n/a
751,Tobe,Warner,Male,918.09,Database Administrator II,true,n/a
752,Abbie,Spencer,Female,2180.41,Product Engineer,false,EDP Services
753,Elizabeth,Hathway,Female,3380.09,Developer III,false,Diversified Commercial Services
754,Gale,Paybody,Male,3825.26,Senior Cost Accountant,true,Precious Metals
755,Nathanil,Pearman,Male,517.34,Clinical Specialist,false,Finance: Consumer Services
756,Ailbert,Murfett,Genderfluid,2291.72,Physical Therapy Assistant,true,Construction/Ag Equipment/Trucks
757,Jeanette,Kennett,Female,764.24,Sales Associate,true,Industrial Specialties
758,Terza,MacCarroll,Female,2600.85,Civil Engineer,false,n/a
759,Bryanty,Roskams,Male,691.02,Civil Engineer,true,Oilfield Services/Equipment
760,Weidar,Cakebread,Male,2932.88,Clinical Specialist,true,Aerospace
761,Falkner,Cupper,Male,2125.72,Programmer III,false,Other Consumer Services
762,Davine,Moreby,Female,3523.43,Software Engineer III,false,Television Services
763,Alix,Raincin,Female,4680.98,Occupational Therapist,true,Biotechnology: Biological Products (No Diagnostic Substances)
764,Blanche,Tiffany,Female,2079.9,Paralegal,true,Natural Gas Distribution
765,Haily,Stribbling,Female,3625.37,Registered Nurse,true,Computer Software: Prepackaged Software
766,Sammy,Belfit,Male,4455.81,Software Engineer I,false,Telecommunications Equipment
767,Karoline,Hansford,Female,2093.87,Nurse,true,Medical Specialities
768,Horatia,Dobrovolny,Female,4146.93,Help Desk Technician,false,Industrial Specialties
769,Lettie,Pacey,Female,488.6,Registered Nurse,true,n/a
770,Luke,Gration,Genderqueer,4630.55,Safety Technician IV,false,EDP Services
771,Dukey,Rodriguez,Genderqueer,4208.16,Senior Developer,true,n/a
772,Burg,Woolway,Male,4015.0,Chemical Engineer,false,Major Banks
773,Putnem,Cragoe,Male,3818.59,Actuary,false,n/a
774,Nikoletta,Carlan,Female,2127.38,Food Chemist,false,Biotechnology: Commercial Physical & Biological Resarch
775,Tedda,Dargan,Female,1341.28,VP Sales,false,n/a
776,Lethia,Kleeborn,Female,4288.53,Director of Sales,true,Home Furnishings
777,Armando,Goodanew,Male,633.57,Programmer Analyst I,true,RETAIL: Building Materials
778,Ezekiel,Gronaver,Male,2618.29,Senior Editor,false,Finance: Consumer Services
779,Hadleigh,Feldklein,Male,2953.27,VP Accounting,false,Publishing
780,Meris,Mullord,Female,2058.99,Human Resources Manager,true,Telecommunications Equipment
781,Kerk,Abatelli,Male,695.92,Software Engineer II,true,n/a
782,Jemie,Prestwich,Female,4012.11,Design Engineer,true,n/a
783,Isidora,Dibbe,Female,2177.51,Systems Administrator III,false,Marine Transportation
784,Gertrud,Ruppertz,Female,2054.53,Account Executive,false,Business Services
785,Joelly,Bettaney,Female,4503.71,Computer Systems Analyst I,true,Medical/Dental Instruments
786,Grace,Winnard,Female,2993.1,Safety Technician I,false,Apparel
787,Gunilla,Hacon,Female,4269.06,Financial Advisor,true,n/a
788,Stevy,Camamill,Male,1472.9,Cost Accountant,false,Electric Utilities: Central
789,Rees,Chelam,Male,2619.71,Biostatistician III,true,Life Insurance
790,Raviv,Braunlein,Male,4097.32,Recruiting Manager,false,"Computer Software: Programming, Data Processing"
791,Becca,Dannehl,Female,4168.71,Account Coordinator,false,Property-Casualty Insurers
792,Hulda,Sherville,Female,1944.77,Office Assistant III,true,Finance: Consumer Services
793,Yard,Sparrow,Male,3077.91,Teacher,false,Steel/Iron Ore
794,Sinclare,McKintosh,Male,4584.88,Administrative Officer,false,Automotive Aftermarket
795,Colet,Sissot,Male,3363.67,Senior Editor,false,Apparel
796,Melisandra,Hirthe,Non-binary,4692.67,Senior Cost Accountant,true,Building Materials
797,Daryl,Robens,Female,1016.12,Software Consultant,false,Business Services
798,Godart,Witch,Male,3373.18,Account Executive,true,Biotechnology: Biological Products (No Diagnostic Substances)
799,Giacopo,Pietrzyk,Male,1801.84,Web Developer III,false,Business Services
800,Denys,Pitone,Male,3329.03,Software Consultant,true,n/a
801,Gibby,Stammers,Male,3493.69,Food Chemist,true,Other Specialty Stores
802,Nanice,Kinvan,Female,4298.27,Accounting Assistant III,true,Medical Specialities
803,Dennet,Brundell,Male,2573.9,Software Engineer IV,true,Medical/Dental Instruments
804,Den,Le Merchant,Agender,2628.98,Senior Editor,true,Apparel
805,Kristi,Arnald,Female,2869.26,GIS Technical Architect,true,n/a
806,Malina,Chrystal,Female,649.93,Project Manager,false,Railroads
807,Hervey,Keddey,Male,1739.46,Graphic Designer,false,Automotive Aftermarket
808,La verne,Croce,Female,3024.77,Project Manager,false,Major Pharmaceuticals
809,Hillary,Barratt,Male,586.17,Executive Secretary,true,Oil & Gas Production
810,Hildy,Dacre,Female,2015.63,Structural Engineer,false,n/a
811,Maribelle,Knowlman,Female,1668.63,Account Coordinator,false,Investment Bankers/Brokers/Service
812,Tilly,Elrick,Female,2967.96,VP Quality Control,true,Television Services
813,Evy,Brechin,Female,549.18,Accountant II,true,Hotels/Resorts
814,Pier,Points,Female,3886.06,Internal Auditor,true,Industrial Machinery/Components
815,Nichole,Purkins,Female,819.23,Speech Pathologist,true,Television Services
816,Johnna,Colam,Female,805.93,Chief Design Engineer,true,Property-Casualty Insurers
817,Vassily,Brand-Hardy,Male,4142.45,Recruiter,false,Property-Casualty Insurers
818,Evonne,Swatheridge,Female,2280.42,Occupational Therapist,true,Business Services
819,Dolph,Hearne,Male,2361.78,Marketing Manager,true,n/a
820,Bayard,Halsworth,Male,3452.76,Environmental Tech,false,Business Services
821,Cecilia,Morat,Female,1059.61,Product Engineer,false,Computer peripheral equipment
822,Augusto,Dalston,Male,756.06,Financial Analyst,true,n/a
823,Marcus,Hobbing,Male,4555.15,Financial Analyst,true,n/a
824,Roman,Aitkenhead,Male,4425.88,Database Administrator III,true,Medical/Dental Instruments
825,Francois,Kermannes,Male,581.1,Software Test Engineer IV,true,Real Estate Investment Trusts
826,Cherice,Thomsson,Female,3518.02,Staff Scientist,false,Medical/Dental Instruments
827,Fletcher,Pearse,Male,4628.04,Account Coordinator,true,n/a
828,Con,Duddin,Female,2754.49,Analyst Programmer,false,Oil Refining/Marketing
829,Asher,Strodder,Male,792.7,Registered Nurse,true,Business Services
830,Gery,Parkey,Genderqueer,1566.76,Media Manager II,false,n/a
831,Glendon,Videler,Male,2926.25,Director of Sales,true,Mining & Quarrying of Nonmetallic Minerals (No Fuels)
832,Claribel,Chalk,Female,1407.56,Statistician IV,false,Business Services
833,Aldo,Dybell,Male,925.65,Occupational Therapist,true,Packaged Foods
834,Alina,Hornung,Female,410.96,Accounting Assistant I,false,Investment Managers
835,Coral,Pedrazzi,Female,1530.25,Administrative Officer,false,Biotechnology: Biological Products (No Diagnostic Substances)
836,Derron,Percifull,Male,2890.52,Senior Editor,true,Natural Gas Distribution
837,Juan,Boxer,Male,1129.82,Actuary,false,Computer Software: Prepackaged Software
838,Hinze,Middiff,Male,2249.11,Graphic Designer,true,n/a
839,Micky,Mullarkey,Male,530.54,Nuclear Power Engineer,true,n/a
840,Noelyn,Boar,Female,2377.62,Assistant Manager,false,n/a
841,Sidoney,Standbrook,Female,3798.46,Nuclear Power Engineer,true,Computer Software: Prepackaged Software
842,Lizzy,Berry,Female,1202.65,Nurse Practicioner,false,Real Estate Investment Trusts
843,Marga,Cottesford,Female,4650.32,Staff Accountant IV,false,n/a
844,Betsy,Seemmonds,Female,2298.63,Account Representative I,true,Electric Utilities: Central
845,Ellerey,Vigus,Male,3463.12,Developer II,true,Real Estate Investment Trusts
846,Britteny,ducarme,Female,3814.9,Account Coordinator,true,Metal Fabrications
847,Natka,Dillintone,Female,2723.58,Graphic Designer,true,Biotechnology: Biological Products (No Diagnostic Substances)
848,Eugenius,Urling,Male,1334.11,Geological Engineer,true,Clothing/Shoe/Accessory Stores
849,Debi,Capun,Female,2656.13,Staff Accountant II,false,n/a
850,Clotilda,Orpin,Female,404.03,General Manager,false,Miscellaneous manufacturing industries
851,Milzie,Tewes,Female,3634.35,Executive Secretary,true,Paper
852,Jody,Pye,Male,3244.53,Sales Representative,true,Business Services
853,Bearnard,Pluck,Male,697.85,Account Executive,true,Oil & Gas Production
854,Maisey,Bottom,Female,4247.17,Software Test Engineer IV,true,Industrial Machinery/Components
855,Alec,O' Cuolahan,Male,2107.57,Assistant Professor,false,Biotechnology: Biological Products (No Diagnostic Substances)
856,Brynn,Kemsley,Female,2782.54,Software Consultant,false,Major Banks
857,Far,Cuncarr,Male,467.55,Structural Analysis Engineer,true,Major Pharmaceuticals
858,Early,Duncanson,Male,976.38,Human Resources Manager,true,Medical/Dental Instruments
859,Shirleen,Bourrel,Female,3385.51,Budget/Accounting Analyst I,true,n/a
860,Maddy,Milverton,Male,1674.55,Speech Pathologist,true,Metal Fabrications
861,Idalia,Wilkison,Female,3129.25,Mechanical Systems Engineer,false,Homebuilding
862,Amanda,Bucky,Female,1140.48,Software Engineer I,false,Investment Bankers/Brokers/Service
863,Willette,Tremouille,Female,542.78,Safety Technician I,true,Electric Utilities: Central
864,Nannie,Ledrane,Female,2470.15,Cost Accountant,true,EDP Services
865,Collie,Heams,Female,4407.67,Payment Adjustment Coordinator,true,Engineering & Construction
866,Brendin,Thwaites,Male,1061.0,Account Representative IV,false,n/a
867,Christian,Belle,Female,4305.69,Sales Representative,false,Commercial Banks
868,Elwood,Artus,Male,1260.69,Electrical Engineer,false,Medical/Dental Instruments
869,Isidro,Vaughton,Male,4548.09,Cost Accountant,true,n/a
870,John,Bassom,Male,1971.46,Automation Specialist I,false,n/a
871,Ardelle,L'Episcopi,Female,1236.54,Account Representative II,true,Medical/Dental Instruments
872,Marcela,Ithell,Female,1776.25,Tax Accountant,false,Major Pharmaceuticals
873,Neale,Forcade,Male,4445.17,Electrical Engineer,true,n/a
874,Rheta,Quennell,Female,4054.92,Technical Writer,false,Homebuilding
875,Catha,Bygrave,Female,1424.81,Registered Nurse,false,Homebuilding
876,Westley,Osipenko,Male,2066.83,Technical Writer,false,Business Services
877,Lyon,Walpole,Male,2332.66,Account Coordinator,true,n/a
878,Martin,Coney,Male,3230.47,Product Engineer,true,Savings Institutions
879,Max,Tolefree,Male,1321.51,Developer III,true,Metal Fabrications
880,Sibbie,Danett,Polygender,1125.73,Senior Quality Engineer,false,"Computer Software: Programming, Data Processing"
881,Rubi,Bloxham,Female,1551.73,Clinical Specialist,false,Real Estate
882,Neila,Creyke,Female,2174.41,Junior Executive,false,n/a
883,Sheffield,MacEveley,Male,4906.04,Nurse,false,Building Products
884,Audy,Fibbens,Female,3244.35,Assistant Professor,false,Semiconductors
885,Tann,Dashkovich,Male,1241.73,Software Consultant,false,Industrial Machinery/Components
886,Laurene,Orrice,Female,629.37,Developer IV,true,Major Pharmaceuticals
887,Abbot,Durnin,Male,2130.43,Speech Pathologist,false,Biotechnology: Electromedical & Electrotherapeutic Apparatus
888,Damaris,Baddam,Female,1078.94,Software Engineer IV,false,Finance: Consumer Services
889,Marys,Simakov,Female,2101.33,Cost Accountant,false,Major Banks
890,Erek,Garoghan,Non-binary,3992.21,Product Engineer,true,Telecommunications Equipment
891,Michale,Meriott,Male,4295.58,Account Executive,true,n/a
892,Christophorus,Brunn,Male,1811.54,Paralegal,true,Containers/Packaging
893,Ferris,McInnerny,Male,2655.76,Environmental Specialist,true,Real Estate Investment Trusts
894,Alisun,Paty,Female,3547.42,Business Systems Development Analyst,true,Telecommunications Equipment
895,Fletch,Marcussen,Male,947.53,Software Test Engineer IV,true,Homebuilding
896,Adrian,Ponnsett,Male,4756.28,Quality Control Specialist,true,Advertising
897,Dasha,Rodell,Female,4229.01,Project Manager,true,n/a
898,Eadmund,Hanrott,Male,1636.13,Research Associate,true,Major Banks
899,Nelly,Waddilow,Female,2809.54,Assistant Professor,false,Life Insurance
900,Erich,Soughton,Male,2697.27,Media Manager IV,false,Major Banks
901,Henri,Janicki,Male,1154.31,Editor,false,Major Banks
902,Morton,McCandless,Male,1015.01,Structural Engineer,true,Other Consumer Services
903,Jena,Monckton,Polygender,2375.34,Automation Specialist I,false,Farming/Seeds/Milling
904,Marcelo,Shippey,Male,4577.37,Help Desk Operator,false,n/a
905,Ramsay,Kirke,Male,1489.92,Quality Engineer,false,Fluid Controls
906,Robinette,Haskew,Female,2392.04,Food Chemist,true,n/a
907,Harmonie,Le Lievre,Female,4184.55,Senior Cost Accountant,true,Computer Communications Equipment
908,Gaelan,Christophle,Male,4508.36,Accounting Assistant III,true,n/a
909,Claudius,Cominetti,Male,829.65,VP Sales,true,Precious Metals
910,Adelaide,Brydon,Female,3077.57,Librarian,false,Computer Software: Prepackaged Software
911,Alic,Junes,Male,1565.92,Design Engineer,false,Newspapers/Magazines
912,Codi,Devon,Male,2123.03,Human Resources Assistant IV,false,n/a
913,Hercules,Ofen,Male,2534.21,Health Coach IV,false,Major Pharmaceuticals
914,Janella,Adamowitz,Female,2384.83,Director of Sales,true,Oil & Gas Production
915,Raphael,Ruf,Male,4841.81,VP Marketing,false,Professional Services
916,Rianon,Grahlmans,Female,4726.93,Marketing Manager,false,Business Services
917,Kennith,Theobalds,Male,669.63,Budget/Accounting Analyst I,true,Real Estate
918,Caz,Barley,Male,2546.93,Actuary,true,Auto Parts:O.E.M.
919,Harriot,Dalinder,Female,563.88,Financial Analyst,false,Major Banks
920,Cecily,Legonidec,Female,3926.64,Recruiter,false,Electric Utilities: Central
921,Nannie,Gayther,Female,4715.68,Programmer Analyst IV,true,Commercial Banks
922,Jennica,Jacklin,Non-binary,1061.69,Database Administrator III,false,Meat/Poultry/Fish
923,Merrilee,Bedberry,Female,2141.07,Nurse Practicioner,false,Major Pharmaceuticals
924,Lona,McCromley,Female,806.29,Graphic Designer,true,n/a
925,Val,Mauro,Male,448.2,Electrical Engineer,false,Computer Software: Prepackaged Software
926,Lexie,Dogerty,Bigender,3249.12,Assistant Media Planner,true,n/a
927,Ronni,Zanitti,Female,2369.61,Human Resources Manager,false,n/a
928,Verile,Gibbins,Female,4503.86,Actuary,true,Apparel
929,Rivy,Bewshaw,Female,4729.42,Geologist I,false,Medical Specialities
930,Maurise,Beneix,Female,1936.92,Senior Editor,false,Consumer Electronics/Appliances
931,Vanda,Fegan,Female,3884.91,Structural Engineer,false,Major Pharmaceuticals
932,Gerri,Guilloneau,Female,3732.14,Financial Advisor,true,Major Pharmaceuticals
933,Stanislaus,Filyashin,Male,2053.3,Account Representative IV,true,"Computer Software: Programming, Data Processing"
934,Hillyer,Cavy,Male,1415.75,Operator,false,Water Supply
935,Nichole,Leppingwell,Female,3736.41,Assistant Professor,false,Trucking Freight/Courier Services
936,Shelli,Whitfeld,Female,2060.02,Librarian,false,Agricultural Chemicals
937,Kin,Tarry,Male,4593.64,Financial Advisor,false,n/a
938,Kalle,Rosoni,Male,698.54,Analyst Programmer,false,Metal Fabrications
939,Row,Jankovsky,Female,4129.94,Programmer I,true,Farming/Seeds/Milling
940,Efren,Rookes,Male,4016.34,Compensation Analyst,false,Major Banks
941,Terrence,Dewdney,Male,3471.0,Sales Associate,true,Oilfield Services/Equipment
942,Ree,Harkins,Polygender,4033.63,Human Resources Manager,false,n/a
943,Davon,Elington,Male,2624.02,Operator,true,Medical Specialities
944,Mirella,Gascard,Non-binary,3304.39,Research Assistant III,true,Real Estate Investment Trusts
945,Melisande,Cleall,Female,2602.73,Electrical Engineer,true,Marine Transportation
946,Paulo,Bordis,Male,4620.92,Office Assistant III,false,Industrial Machinery/Components
947,Mirna,Van der Spohr,Female,750.35,Environmental Specialist,true,Real Estate Investment Trusts
948,Juli,Gemeau,Female,4197.52,Accountant II,false,Industrial Machinery/Components
949,Tybalt,Henke,Male,1281.05,Database Administrator II,true,Major Banks
950,Sher,Durrans,Female,4380.45,Physical Therapy Assistant,true,Auto Parts:O.E.M.
951,Lily,Bolstridge,Female,1966.35,Web Developer II,true,Biotechnology: Biological Products (No Diagnostic Substances)
952,Magdalen,Gerhartz,Female,3032.72,Staff Accountant II,false,Major Pharmaceuticals
953,Doris,Kenneford,Female,2883.77,Professor,true,Oil & Gas Production
954,Dehlia,Gimson,Polygender,4446.5,Senior Cost Accountant,false,Industrial Machinery/Components
955,Fayth,Martinolli,Female,4120.35,Structural Analysis Engineer,false,Packaged Foods
956,Philomena,Peachey,Female,1451.23,Junior Executive,true,Other Specialty Stores
957,Giulietta,Benedicte,Bigender,2114.25,Physical Therapy Assistant,true,Biotechnology: Commercial Physical & Biological Resarch
958,Arlin,Comport,Male,408.65,Analyst Programmer,true,Electronic Components
959,Josephine,Chippin,Female,4859.88,Biostatistician III,true,Building operators
960,Ursala,McKinn,Female,1995.25,Account Coordinator,true,Building Products
961,Paquito,Shevels,Male,4314.01,VP Sales,true,n/a
962,Delphinia,Dowglass,Female,1590.92,Business Systems Development Analyst,true,Real Estate Investment Trusts
963,Dorthy,Creyke,Female,2841.9,Senior Editor,true,n/a
964,Glenna,Cowan,Female,580.64,Product Engineer,false,Finance: Consumer Services
965,Roderic,Christley,Genderqueer,4178.33,Mechanical Systems Engineer,true,Telecommunications Equipment
966,Birdie,Kingswood,Female,4647.68,Chemical Engineer,true,Major Pharmaceuticals
967,Malissia,Strowan,Female,3244.64,Developer IV,true,Mining & Quarrying of Nonmetallic Minerals (No Fuels)
968,Gavan,Levesley,Male,816.29,Marketing Manager,false,Natural Gas Distribution
969,Denis,Aitkenhead,Male,3634.07,General Manager,true,n/a
970,Umeko,Crame,Female,1413.53,Research Assistant I,false,Finance: Consumer Services
971,Ileane,Dalloway,Female,3232.72,Human Resources Assistant I,false,Real Estate Investment Trusts
972,Crista,Charlot,Female,1342.22,Senior Sales Associate,false,Business Services
973,Georgy,Devanney,Male,4588.28,VP Product Management,false,Semiconductors
974,Raynor,Surman-Wells,Male,1126.33,Business Systems Development Analyst,false,Marine Transportation
975,Zaccaria,Eaden,Male,3464.43,Senior Sales Associate,true,Savings Institutions
976,Tabby,Gemeau,Male,2314.11,Marketing Assistant,true,Clothing/Shoe/Accessory Stores
977,Heddie,Gaish,Female,4898.82,Legal Assistant,false,Medical Specialities
978,Todd,Lapre,Male,4884.14,Sales Representative,false,Industrial Machinery/Components
979,Aluin,Challiner,Male,3375.18,Assistant Manager,false,Computer peripheral equipment
980,Guillermo,Mouser,Male,3744.64,Product Engineer,true,Semiconductors
981,Wendeline,Denyer,Genderqueer,4421.46,Web Designer IV,true,n/a
982,Lew,MacKeogh,Genderfluid,2700.43,Senior Cost Accountant,true,Restaurants
983,Marcel,Dowrey,Male,4262.24,Software Consultant,false,Broadcasting
984,Samuele,Perillio,Male,4377.76,Clinical Specialist,false,Major Chemicals
985,Melisande,Glass,Female,2161.88,Account Coordinator,true,Real Estate
986,Cesar,Yeulet,Male,1834.9,Tax Accountant,false,n/a
987,Kirby,Capel,Male,4231.16,General Manager,false,Semiconductors
988,Elberta,Crake,Female,2527.07,Assistant Media Planner,false,Oil & Gas Production
989,Suzanne,Kall,Female,1898.61,Programmer Analyst I,false,n/a
990,Amara,Snedden,Female,4725.82,Computer Systems Analyst I,false,Investment Bankers/Brokers/Service
991,Dalton,Thickett,Genderqueer,3012.57,Structural Engineer,true,Diversified Commercial Services
992,Jake,Emnoney,Genderfluid,1825.31,Assistant Media Planner,true,Business Services
993,Aggy,O'Brogan,Female,1364.94,Recruiting Manager,false,Mining & Quarrying of Nonmetallic Minerals (No Fuels)
994,Hinze,Padillo,Bigender,2440.67,Senior Quality Engineer,false,Medical/Dental Instruments
995,Willie,Aggiss,Female,597.36,Assistant Media Planner,false,Biotechnology: Commercial Physical & Biological Resarch
996,Jeralee,Wackley,Female,801.88,Web Designer I,false,Restaurants
997,Bartram,Tabbernor,Male,3303.04,Civil Engineer,true,Electrical Products
998,Trefor,Cowen,Male,4619.57,Health Coach I,false,Major Pharmaceuticals
999,Sharl,Cholerton,Female,3574.74,Occupational Therapist,false,n/a
1000,Curt,Allbones,Male,4954.75,VP Quality Control,true,Apparel
